profile,speed,region,policy,model_seed,k,n,mean_proj_step_km,mean_true_step_km,ratio,ade_k_km
real,300,pnw,ConstVel,0,1,155525,0.5104111769415616,0.5102385426797319,1.0003383403004467,0.0912231925069167
real,300,pnw,ConstVel,0,2,155025,0.5099497132741976,0.5096242374356105,1.0006386584755562,0.22466089341811943
real,300,pnw,ConstVel,0,3,154525,0.5094027885797441,0.5090182068632206,1.000755536268326,0.389529655516905
real,300,pnw,ConstVel,0,4,154025,0.5087962171735818,0.5083863512111455,1.0008062096109778,0.5789156498758966
real,300,pnw,ConstVel,0,5,153525,0.5081653901462896,0.5077598841614351,1.000798617609432,0.7876823938732803
real,300,pnw,ConstVel,0,6,153025,0.5075109904982339,0.5070965876151938,1.0008172070038746,1.0131041613794982
real,300,pnw,ConstVel,0,7,152525,0.5068338103624389,0.5064270087754091,1.000803277826776,1.2539284654852159
real,300,pnw,ConstVel,0,8,152025,0.5061194796856529,0.5057832435146496,1.000664783136481,1.508436645624829
real,300,pnw,ConstVel,0,9,151525,0.5054024796534011,0.5051398786043837,1.000519858083157,1.7763670239986449
real,300,pnw,ConstVel,0,10,151025,0.5046944912419451,0.5044618091741054,1.0004612481333732,2.056658725291798
real,300,pnw,ConstVel,0,11,150525,0.5039684919786651,0.5037582173307203,1.0004174118470146,2.3486235163456053
real,300,pnw,ConstVel,0,12,150025,0.5032415127029797,0.5030620234527984,1.0003567934803532,2.651049743155736
real,300,pnw,ConstVel,0,13,149525,0.5024919933133191,0.502342745210888,1.000297104126324,2.962441219677024
real,300,pnw,ConstVel,0,14,149025,0.5017479761295321,0.5016292103097021,1.0002367601754227,3.281779290683014
real,300,pnw,ConstVel,0,15,148525,0.5010012787048114,0.500943088740068,1.000116160829546,3.608795713191589
real,300,pnw,ConstVel,0,16,148025,0.5002477594084087,0.5003291274501471,0.9998373709678805,3.9426109242278438
real,300,pnw,ConstVel,0,17,147525,0.4995219943584825,0.4996836821814071,0.9996764196456872,4.284317923761544
real,300,pnw,ConstVel,0,18,147025,0.4988118334456291,0.4990196369392769,0.9995835765203102,4.633567179904911
real,300,pnw,ConstVel,0,19,146525,0.4981201067538071,0.4983322376043575,0.9995743184274607,4.9881456551554635
real,300,pnw,ConstVel,0,20,146025,0.4974115002103197,0.49767086044293934,0.9994788518813643,5.347109984248418
real,300,pnw,Kalman,0,1,155525,0.4985472573112851,0.5102385426797319,0.9770866283306527,0.10811419620612309
real,300,pnw,Kalman,0,2,155025,0.4987379764468719,0.5096242374356105,0.9786386514041848,0.2484390245507449
real,300,pnw,Kalman,0,3,154525,0.4986467923571107,0.5090182068632206,0.9796246688895023,0.41531749050653977
real,300,pnw,Kalman,0,4,154025,0.4981477786724808,0.5083863512111455,0.9798606463091052,0.6034301446544731
real,300,pnw,Kalman,0,5,153525,0.4973823703837342,0.5077598841614351,0.9795621629407778,0.8102940125062148
real,300,pnw,Kalman,0,6,153025,0.4967586254632895,0.5070965876151938,0.9796134259145337,1.0327775277175895
real,300,pnw,Kalman,0,7,152525,0.4960955246400344,0.5064270087754091,0.9795992631586588,1.2696012194695503
real,300,pnw,Kalman,0,8,152025,0.4953974655821246,0.5057832435146496,0.9794659509469806,1.5198536060980004
real,300,pnw,Kalman,0,9,151525,0.4946906161704405,0.5051398786043837,0.9793141209464342,1.783123270879838
real,300,pnw,Kalman,0,10,151025,0.4939837191575728,0.5044618091741054,0.9792291709184345,2.0583842712504588
real,300,pnw,Kalman,0,11,150525,0.4932743957241028,0.5037582173307203,0.9791887829400213,2.3446906630840587
real,300,pnw,Kalman,0,12,150025,0.4925600393700357,0.5030620234527984,0.9791238781836846,2.6410035942896486
real,300,pnw,Kalman,0,13,149525,0.49184057715083473,0.502342745210888,0.9790936205206978,2.945925677656249
real,300,pnw,Kalman,0,14,149025,0.49111479372407485,0.5016292103097021,0.9790394650679618,3.258337930946316
real,300,pnw,Kalman,0,15,148525,0.49038395426423836,0.500943088740068,0.9789214888613652,3.578239578814913
real,300,pnw,Kalman,0,16,148025,0.4896633714574867,0.5003291274501471,0.9786825203501206,3.9055473270021315
real,300,pnw,Kalman,0,17,147525,0.4889723525389716,0.4996836821814071,0.9785637793980496,4.240777644658384
real,300,pnw,Kalman,0,18,147025,0.48829443388611243,0.4990196369392769,0.9785074528951461,4.582883912346299
real,300,pnw,Kalman,0,19,146525,0.48762746694507786,0.4983322376043575,0.97851880763175,4.929879771627632
real,300,pnw,Kalman,0,20,146025,0.4869539896974566,0.49767086044293934,0.9784659468791392,5.281605277720959
real,300,pnw,LSTM-rec,0,1,155525,0.49903496683420107,0.5102385426797319,0.9780424744342312,0.11412967170536052
real,300,pnw,LSTM-rec,0,2,155025,0.4860676973324934,0.5096242374356105,0.9537766488076553,0.29949181392473195
real,300,pnw,LSTM-rec,0,3,154525,0.4781426052722967,0.5090182068632206,0.9393428345496871,0.5362535043096213
real,300,pnw,LSTM-rec,0,4,154025,0.4741140984080885,0.5083863512111455,0.9325862059014585,0.8125428232335106
real,300,pnw,LSTM-rec,0,5,153525,0.47258349497188223,0.5077598841614351,0.9307223940157331,1.1217983732999965
real,300,pnw,LSTM-rec,0,6,153025,0.4725932240002689,0.5070965876151938,0.9319589907374657,1.4601506377421793
real,300,pnw,LSTM-rec,0,7,152525,0.4740853863420982,0.5064270087754091,0.9361376429912057,1.8253174241087957
real,300,pnw,LSTM-rec,0,8,152025,0.47704565425175277,0.5057832435146496,0.9431820060640966,2.21458227750203
real,300,pnw,LSTM-rec,0,9,151525,0.4810010879464614,0.5051398786043837,0.952213650752315,2.6265978625929907
real,300,pnw,LSTM-rec,0,10,151025,0.4855471502913904,0.5044618091741054,0.9625052708872417,3.0593477966175535
real,300,pnw,LSTM-rec,0,11,150525,0.4904125033256336,0.5037582173307203,0.9735076996345546,3.510833660183075
real,300,pnw,LSTM-rec,0,12,150025,0.4954391925043085,0.5030620234527984,0.9848471349592838,3.9796631482135956
real,300,pnw,LSTM-rec,0,13,149525,0.5005119697431166,0.502342745210888,0.9963555252161495,4.464421664563246
real,300,pnw,LSTM-rec,0,14,149025,0.505587243035646,0.5016292103097021,1.0078903553553036,4.963485620852139
real,300,pnw,LSTM-rec,0,15,148525,0.5106469511223853,0.500943088740068,1.0193711872674474,5.476347436755391
real,300,pnw,LSTM-rec,0,16,148025,0.5156542521021191,0.5003291274501471,1.0306300868991463,6.001410533527377
real,300,pnw,LSTM-rec,0,17,147525,0.5206669593153403,0.4996836821814071,1.0419931206124826,6.539505120714933
real,300,pnw,LSTM-rec,0,18,147025,0.5257099011413906,0.4990196369392769,1.0534853986224224,7.089780471654438
real,300,pnw,LSTM-rec,0,19,146525,0.5307731267620652,0.4983322376043575,1.0650989173681829,7.649695400743624
real,300,pnw,LSTM-rec,0,20,146025,0.5359109952726233,0.49767086044293934,1.0768382034577015,8.218585273470012
real,300,pnw,LSTM-ms,0,1,155525,0.48409103414446103,0.5102385426797319,0.9487543445895987,0.1556237505556703
real,300,pnw,LSTM-ms,0,2,155025,0.44850429678856546,0.5096242374356105,0.8800686149571775,0.35479160102935386
real,300,pnw,LSTM-ms,0,3,154525,0.4228971405001689,0.5090182068632206,0.8308094578899935,0.5761403433850181
real,300,pnw,LSTM-ms,0,4,154025,0.39425770028544155,0.5083863512111455,0.7755080350725162,0.8018316253606426
real,300,pnw,LSTM-ms,0,5,153525,0.37392915775849994,0.5077598841614351,0.7364291063994618,1.0359751177229874
real,300,pnw,LSTM-ms,0,6,153025,0.36238514677886946,0.5070965876151938,0.7146274607824072,1.269309006594288
real,300,pnw,LSTM-ms,0,7,152525,0.3472884788986954,0.5064270087754091,0.6857621589702996,1.5051108116191247
real,300,pnw,LSTM-ms,0,8,152025,0.3360981727385952,0.5057832435146496,0.6645102957604414,1.7588316896827159
real,300,pnw,LSTM-ms,0,9,151525,0.3261212209379903,0.5051398786043837,0.6456057712944941,2.023741243381143
real,300,pnw,LSTM-ms,0,10,151025,0.3169329222637946,0.5044618091741054,0.6282594965566783,2.2956754902082332
real,300,pnw,LSTM-ms,0,11,150525,0.3010883336859746,0.5037582173307203,0.5976842130364859,2.5643559744467854
real,300,pnw,LSTM-ms,0,12,150025,0.29355780686762184,0.5030620234527984,0.5835419753070785,2.8441855506546805
real,300,pnw,LSTM-ms,0,13,149525,0.29434728653386666,0.502342745210888,0.5859491141059419,3.131023518628019
real,300,pnw,LSTM-ms,0,14,149025,0.2888057938888739,0.5016292103097021,0.5757355990305416,3.418811792408892
real,300,pnw,LSTM-ms,0,15,148525,0.289666828299717,0.500943088740068,0.5782429876979915,3.7125012966115056
real,300,pnw,LSTM-ms,0,16,148025,0.28041641369321074,0.5003291274501471,0.5604638992782836,4.00319017305204
real,300,pnw,LSTM-ms,0,17,147525,0.2741857802717588,0.4996836821814071,0.5487186995476417,4.296352384930328
real,300,pnw,LSTM-ms,0,18,147025,0.2672839179456007,0.4990196369392769,0.5356180361658294,4.587457559496556
real,300,pnw,LSTM-ms,0,19,146525,0.27278170969720633,0.4983322376043575,0.5473892498076289,4.883644786706358
real,300,pnw,LSTM-ms,0,20,146025,0.27067705735521835,0.49767086044293934,0.543887695402357,5.182692998337983
real,300,pnw,LSTM-rec,1,1,155525,0.5053987176762004,0.5102385426797319,0.9905145836727403,0.1286850024492613
real,300,pnw,LSTM-rec,1,2,155025,0.502226436016095,0.5096242374356105,0.9854838116476943,0.3501062167206362
real,300,pnw,LSTM-rec,1,3,154525,0.5072258526042974,0.5090182068632206,0.9964788012790968,0.6413846472542825
real,300,pnw,LSTM-rec,1,4,154025,0.5168986493166869,0.5083863512111455,1.0167437581383967,0.9883725339553797
real,300,pnw,LSTM-rec,1,5,153525,0.529216233112149,0.5077598841614351,1.0422568808998156,1.3837220306360953
real,300,pnw,LSTM-rec,1,6,153025,0.5434128514564431,0.5070965876151938,1.071616068276144,1.8232025752476266
real,300,pnw,LSTM-rec,1,7,152525,0.5590637805921919,0.5064270087754091,1.1039375288140016,2.304418036316343
real,300,pnw,LSTM-rec,1,8,152025,0.5758324130436087,0.5057832435146496,1.1384964219893736,2.824423594231324
real,300,pnw,LSTM-rec,1,9,151525,0.5934753349445516,0.5051398786043837,1.1748732580453238,3.3814636377838507
real,300,pnw,LSTM-rec,1,10,151025,0.6117354555093801,0.5044618091741054,1.2126496880128566,3.973659782604519
real,300,pnw,LSTM-rec,1,11,150525,0.6304698600130686,0.5037582173307203,1.2515326565862475,4.599117147392909
real,300,pnw,LSTM-rec,1,12,150025,0.6496346530683258,0.5030620234527984,1.2913609511000588,5.255665579473922
real,300,pnw,LSTM-rec,1,13,149525,0.6691531574625513,0.502342745210888,1.3320649374196394,5.941476942827267
real,300,pnw,LSTM-rec,1,14,149025,0.6890122174096255,0.5016292103097021,1.3735488349736145,6.654710211512469
real,300,pnw,LSTM-rec,1,15,148525,0.7092232043828693,0.500943088740068,1.415776003950171,7.3949017120206415
real,300,pnw,LSTM-rec,1,16,148025,0.7300039567095766,0.5003291274501471,1.459047488260244,8.160981927059316
real,300,pnw,LSTM-rec,1,17,147525,0.751358424601054,0.4996836821814071,1.503668123243372,8.953586085652711
real,300,pnw,LSTM-rec,1,18,147025,0.7730457333383357,0.4990196369392769,1.549128884145302,9.772278561912156
real,300,pnw,LSTM-rec,1,19,146525,0.7950130607571663,0.4983322376043575,1.5953474424593688,10.615250090597232
real,300,pnw,LSTM-rec,1,20,146025,0.8173031350297039,0.49767086044293934,1.6422563585544951,11.48262033999856
real,300,pnw,LSTM-ms,1,1,155525,0.5010745510418041,0.5102385426797319,0.9820397894878751,0.1315562490771219
real,300,pnw,LSTM-ms,1,2,155025,0.46341805300029376,0.5096242374356105,0.9093328357618495,0.29448707759562937
real,300,pnw,LSTM-ms,1,3,154525,0.4398456766529567,0.5090182068632206,0.8641059803409912,0.4835097443964712
real,300,pnw,LSTM-ms,1,4,154025,0.42805022171909535,0.5083863512111455,0.8419781937483909,0.7015441321173372
real,300,pnw,LSTM-ms,1,5,153525,0.4079249479553716,0.5077598841614351,0.80338159960994,0.9313379217220501
real,300,pnw,LSTM-ms,1,6,153025,0.3780770396449481,0.5070965876151938,0.7455720446138139,1.1579979094624067
real,300,pnw,LSTM-ms,1,7,152525,0.37492820387837594,0.5064270087754091,0.7403400635858455,1.4047244087346393
real,300,pnw,LSTM-ms,1,8,152025,0.36919174199399307,0.5057832435146496,0.7299406350999441,1.667294305912399
real,300,pnw,LSTM-ms,1,9,151525,0.35918776619652326,0.5051398786043837,0.7110659470974624,1.937214337852404
real,300,pnw,LSTM-ms,1,10,151025,0.3487390698425571,0.5044618091741054,0.6913091605755163,2.20937433208891
real,300,pnw,LSTM-ms,1,11,150525,0.3503529316144419,0.5037582173307203,0.6954783456850949,2.487762220994608
real,300,pnw,LSTM-ms,1,12,150025,0.3295447859442968,0.5030620234527984,0.6550778444424111,2.765590288495627
real,300,pnw,LSTM-ms,1,13,149525,0.3237239642314993,0.502342745210888,0.6444284650624288,3.0507874189086914
real,300,pnw,LSTM-ms,1,14,149025,0.31655353402375247,0.5016292103097021,0.6310508389818741,3.3417132364147184
real,300,pnw,LSTM-ms,1,15,148525,0.3052501263881577,0.500943088740068,0.6093509088146088,3.6281573980400017
real,300,pnw,LSTM-ms,1,16,148025,0.3053323467788393,0.5003291274501471,0.6102629849573622,3.9158937511932725
real,300,pnw,LSTM-ms,1,17,147525,0.3025039100312368,0.4996836821814071,0.605390811864484,4.2114563969606085
real,300,pnw,LSTM-ms,1,18,147025,0.30255209741860084,0.4990196369392769,0.606292969299356,4.512173866509467
real,300,pnw,LSTM-ms,1,19,146525,0.30470270027014523,0.4983322376043575,0.611444890129823,4.819694641208147
real,300,pnw,LSTM-ms,1,20,146025,0.2936772895159617,0.49767086044293934,0.5901034455876756,5.120325159552732
real,300,pnw,LSTM-rec,2,1,155525,0.5164839758610835,0.5102385426797319,1.0122402222861313,0.15008440991341795
real,300,pnw,LSTM-rec,2,2,155025,0.5319995306229036,0.5096242374356105,1.0439054729811985,0.41848037899366525
real,300,pnw,LSTM-rec,2,3,154525,0.556334310607311,0.5090182068632206,1.0929556214416605,0.7773516645971926
real,300,pnw,LSTM-rec,2,4,154025,0.5829504997661759,0.5083863512111455,1.1466682737988416,1.206121417530588
real,300,pnw,LSTM-rec,2,5,153525,0.6100724741025016,0.5077598841614351,1.2014979779468709,1.6937247613058335
real,300,pnw,LSTM-rec,2,6,153025,0.6378866271791602,0.5070965876151938,1.2579193841138907,2.2347063291885694
real,300,pnw,LSTM-rec,2,7,152525,0.6663502424028196,0.5064270087754091,1.3157873313552544,2.826099289952278
real,300,pnw,LSTM-rec,2,8,152025,0.6952887668650845,0.5057832435146496,1.3746773460377517,3.4640692032717086
real,300,pnw,LSTM-rec,2,9,151525,0.7244664745727553,0.5051398786043837,1.4341898259435266,4.146356305427561
real,300,pnw,LSTM-rec,2,10,151025,0.7536179426676604,0.5044618091741054,1.4939048486177144,4.869691543193406
real,300,pnw,LSTM-rec,2,11,150525,0.7825197531726951,0.5037582173307203,1.5533637492189354,5.631445475057559
real,300,pnw,LSTM-rec,2,12,150025,0.8108043292813779,0.5030620234527984,1.611738297628532,6.428679670951204
real,300,pnw,LSTM-rec,2,13,149525,0.8381652706791188,0.502342745210888,1.6685127408921763,7.258518628092326
real,300,pnw,LSTM-rec,2,14,149025,0.864516017104778,0.5016292103097021,1.72341641861532,8.118475860477139
real,300,pnw,LSTM-rec,2,15,148525,0.8898348753968958,0.500943088740068,1.7763192973376223,9.00764405099509
real,300,pnw,LSTM-rec,2,16,148025,0.9140533995751168,0.5003291274501471,1.8269042304881464,9.923776823849137
real,300,pnw,LSTM-rec,2,17,147525,0.9371825450927295,0.4996836821814071,1.8755516309866032,10.866471654970102
real,300,pnw,LSTM-rec,2,18,147025,0.9592060165442698,0.4990196369392769,1.9221809033959731,11.833720383479486
real,300,pnw,LSTM-rec,2,19,146525,0.9801773556949098,0.4983322376043575,1.9669154064905292,12.823857426154742
real,300,pnw,LSTM-rec,2,20,146025,1.0002609578616837,0.49767086044293934,2.009884518799085,13.835834332080847
real,300,pnw,LSTM-ms,2,1,155525,0.504843516449681,0.5102385426797319,0.9894264627644225,0.12507319091637956
real,300,pnw,LSTM-ms,2,2,155025,0.4717163333940305,0.5096242374356105,0.9256159710293027,0.29386433467282674
real,300,pnw,LSTM-ms,2,3,154525,0.4397904143890245,0.5090182068632206,0.8639974139612682,0.4820581509211006
real,300,pnw,LSTM-ms,2,4,154025,0.421916560830498,0.5083863512111455,0.8299132339516045,0.6915601516551663
real,300,pnw,LSTM-ms,2,5,153525,0.40024446094617067,0.5077598841614351,0.7882553809999661,0.9161238728217466
real,300,pnw,LSTM-ms,2,6,153025,0.3827305465827876,0.5070965876151938,0.7547488110356199,1.1411841624456884
real,300,pnw,LSTM-ms,2,7,152525,0.37022525393004363,0.5064270087754091,0.7310535329173795,1.3817588342652785
real,300,pnw,LSTM-ms,2,8,152025,0.3648668757848364,0.5057832435146496,0.7213898057385294,1.6318590426211133
real,300,pnw,LSTM-ms,2,9,151525,0.34641458378700396,0.5051398786043837,0.6857795206034595,1.8884488587284949
real,300,pnw,LSTM-ms,2,10,151025,0.3619975332616257,0.5044618091741054,0.7175915533710682,2.158081020614619
real,300,pnw,LSTM-ms,2,11,150525,0.33391273407685473,0.5037582173307203,0.662843250173007,2.436567171846601
real,300,pnw,LSTM-ms,2,12,150025,0.32263099583606103,0.5030620234527984,0.641334429543424,2.7187845044528127
real,300,pnw,LSTM-ms,2,13,149525,0.31562577322136237,0.502342745210888,0.6283076171207765,3.0017735081173247
real,300,pnw,LSTM-ms,2,14,149025,0.3088755810374326,0.5016292103097021,0.6157448065010711,3.286119034850304
real,300,pnw,LSTM-ms,2,15,148525,0.3113501874703569,0.500943088740068,0.621528062705566,3.564368030770332
real,300,pnw,LSTM-ms,2,16,148025,0.3044128442053135,0.5003291274501471,0.6084251895481445,3.842848821324396
real,300,pnw,LSTM-ms,2,17,147525,0.29209638987694847,0.4996836821814071,0.5845625948835861,4.121392942105685
real,300,pnw,LSTM-ms,2,18,147025,0.28640132965743015,0.4990196369392769,0.57392797488705,4.407882903025078
real,300,pnw,LSTM-ms,2,19,146525,0.2794764106696847,0.4983322376043575,0.5608234619000714,4.689517416188142
real,300,pnw,LSTM-ms,2,20,146025,0.2742262144702668,0.49767086044293934,0.5510192303125778,4.966439440951747
real,300,pnw,LSTM-rec,3,1,155525,0.49515077104479094,0.5102385426797319,0.9704299648636867,0.10561183459531973
real,300,pnw,LSTM-rec,3,2,155025,0.4771025791139022,0.5096242374356105,0.9361850243125116,0.27257313412236195
real,300,pnw,LSTM-rec,3,3,154525,0.464317990228804,0.5090182068632206,0.9121834621400328,0.48344019769878144
real,300,pnw,LSTM-rec,3,4,154025,0.4555760083643046,0.5083863512111455,0.8961216352071036,0.7271188922240425
real,300,pnw,LSTM-rec,3,5,153525,0.4490966944195405,0.5077598841614351,0.8844666710156183,0.997190160692053
real,300,pnw,LSTM-rec,3,6,153025,0.4435665962793291,0.5070965876151938,0.874718164374488,1.2902283607082683
real,300,pnw,LSTM-rec,3,7,152525,0.438668880868134,0.5064270087754091,0.8662035658976384,1.604633000219822
real,300,pnw,LSTM-rec,3,8,152025,0.4344890318294411,0.5057832435146496,0.8590419659026455,1.9382965700258459
real,300,pnw,LSTM-rec,3,9,151525,0.43111858822847277,0.5051398786043837,0.8534637760526465,2.2898353575885597
real,300,pnw,LSTM-rec,3,10,151025,0.42858182567667885,0.5044618091741054,0.8495823031248773,2.6573981743334323
real,300,pnw,LSTM-rec,3,11,150525,0.4268659651783556,0.5037582173307203,0.8473627833610414,3.0392144614634904
real,300,pnw,LSTM-rec,3,12,150025,0.4259042682439645,0.5030620234527984,0.8466237727919578,3.434085241468616
real,300,pnw,LSTM-rec,3,13,149525,0.4255239885089817,0.502342745210888,0.847078996493406,3.840726668978148
real,300,pnw,LSTM-rec,3,14,149025,0.42559958876649545,0.5016292103097021,0.8484346206707809,4.2571408338590855
real,300,pnw,LSTM-rec,3,15,148525,0.4260792557345974,0.500943088740068,0.8505542152627315,4.683305171251993
real,300,pnw,LSTM-rec,3,16,148025,0.4268519180500967,0.5003291274501471,0.853142251032803,5.117785467058984
real,300,pnw,LSTM-rec,3,17,147525,0.4278914966186586,0.4996836821814071,0.8563247347815437,5.561595264012692
real,300,pnw,LSTM-rec,3,18,147025,0.4291431520262564,0.4990196369392769,0.859972474547082,6.013923205070427
real,300,pnw,LSTM-rec,3,19,146525,0.4305514322208806,0.4983322376043575,0.863984706850753,6.472661962049071
real,300,pnw,LSTM-rec,3,20,146025,0.4321133066141103,0.49767086044293934,0.8682712631185977,6.936774851300867
real,300,pnw,LSTM-ms,3,1,155525,0.5044787510187979,0.5102385426797319,0.9887115708063056,0.16789070956002242
real,300,pnw,LSTM-ms,3,2,155025,0.47317254268434433,0.5096242374356105,0.9284733886781205,0.37160911059454077
real,300,pnw,LSTM-ms,3,3,154525,0.4563971275577631,0.5090182068632206,0.8966224025075051,0.6077469219132223
real,300,pnw,LSTM-ms,3,4,154025,0.4292674279114964,0.5083863512111455,0.8443724480187922,0.8411548741835749
real,300,pnw,LSTM-ms,3,5,153525,0.4128385598202785,0.5077598841614351,0.8130586379467155,1.0872850424665401
real,300,pnw,LSTM-ms,3,6,153025,0.3907448560941857,0.5070965876151938,0.7705531167776252,1.329553177043033
real,300,pnw,LSTM-ms,3,7,152525,0.3631452094556359,0.5064270087754091,0.717073148080623,1.571876136355815
real,300,pnw,LSTM-ms,3,8,152025,0.3549299304765249,0.5057832435146496,0.7017431578202227,1.8221263802018286
real,300,pnw,LSTM-ms,3,9,151525,0.3429551990959102,0.5051398786043837,0.6789311508001261,2.076255599272374
real,300,pnw,LSTM-ms,3,10,151025,0.335876404267775,0.5044618091741054,0.6658113620487247,2.3459929817637657
real,300,pnw,LSTM-ms,3,11,150525,0.32936360110808,0.5037582173307203,0.6538128605688843,2.632356837830267
real,300,pnw,LSTM-ms,3,12,150025,0.3304705212573125,0.5030620234527984,0.6569180455902971,2.920557046085935
real,300,pnw,LSTM-ms,3,13,149525,0.322032081564667,0.502342745210888,0.6410604803886937,3.2088801240127918
real,300,pnw,LSTM-ms,3,14,149025,0.3134975265818763,0.5016292103097021,0.6249586749310816,3.4983149404486524
real,300,pnw,LSTM-ms,3,15,148525,0.30883245693284855,0.500943088740068,0.6165020815230713,3.7887297814457512
real,300,pnw,LSTM-ms,3,16,148025,0.3022094395046886,0.5003291274501471,0.6040212790425654,4.07897086434789
real,300,pnw,LSTM-ms,3,17,147525,0.3009498398985804,0.4996836821814071,0.6022807040341221,4.369566772461928
real,300,pnw,LSTM-ms,3,18,147025,0.30693610620164224,0.4990196369392769,0.6150782123209145,4.663567010613797
real,300,pnw,LSTM-ms,3,19,146525,0.30840286172756526,0.4983322376043575,0.6188699796147175,4.964924940870363
real,300,pnw,LSTM-ms,3,20,146025,0.29842463146080433,0.49767086044293934,0.5996425653597621,5.264346818618492
real,300,pnw,LSTM-rec,4,1,155525,0.5208070435329104,0.5102385426797319,1.0207128626498374,0.1496422871001964
real,300,pnw,LSTM-rec,4,2,155025,0.5398125674439148,0.5096242374356105,1.0592364487219244,0.4136984268836929
real,300,pnw,LSTM-rec,4,3,154525,0.5640389743921586,0.5090182068632206,1.1080919440347694,0.7635169179057242
real,300,pnw,LSTM-rec,4,4,154025,0.5892232878955631,0.5083863512111455,1.1590068979858272,1.1802418056533868
real,300,pnw,LSTM-rec,4,5,153525,0.6146702445907888,0.5077598841614351,1.210552987276488,1.6531738031712107
real,300,pnw,LSTM-rec,4,6,153025,0.6406439021467999,0.5070965876151938,1.2633567604145413,2.176383930671457
real,300,pnw,LSTM-rec,4,7,152525,0.6668316342778848,0.5064270087754091,1.3167378965240224,2.7460048961667742
real,300,pnw,LSTM-rec,4,8,152025,0.6924822948418407,0.5057832435146496,1.3691285817019825,3.357859990660176
real,300,pnw,LSTM-rec,4,9,151525,0.7171721865354662,0.5051398786043837,1.4197496909507363,4.008196948950728
real,300,pnw,LSTM-rec,4,10,151025,0.7408969329516918,0.5044618091741054,1.468687856003754,4.69314907815543
real,300,pnw,LSTM-rec,4,11,150525,0.7637449499746998,0.5037582173307203,1.516094276380402,5.409303061172528
real,300,pnw,LSTM-rec,4,12,150025,0.7857479197351012,0.5030620234527984,1.5619305038016387,6.1535784841360135
real,300,pnw,LSTM-rec,4,13,149525,0.8066901206222111,0.502342745210888,1.6058560182521506,6.9233161539282015
real,300,pnw,LSTM-rec,4,14,149025,0.8262698070784348,0.5016292103097021,1.6471724335357225,7.715955538073173
real,300,pnw,LSTM-rec,4,15,148525,0.8443676247373288,0.500943088740068,1.6855559917215641,8.52964909471097
real,300,pnw,LSTM-rec,4,16,148025,0.8609876805713662,0.5003291274501471,1.7208426080633397,9.362466614283038
real,300,pnw,LSTM-rec,4,17,147525,0.8762131876489764,0.4996836821814071,1.7535357244883425,10.213043722929456
real,300,pnw,LSTM-rec,4,18,147025,0.8901245462190637,0.4990196369392769,1.783746530855214,11.080106509666837
real,300,pnw,LSTM-rec,4,19,146525,0.9028035722635335,0.4983322376043575,1.8116499478412214,11.961233815010436
real,300,pnw,LSTM-rec,4,20,146025,0.9143422680626133,0.49767086044293934,1.8372429264772026,12.854764703920779
real,300,pnw,LSTM-ms,4,1,155525,0.5004697251021932,0.5102385426797319,0.9808544107110497,0.13662236491845484
real,300,pnw,LSTM-ms,4,2,155025,0.46286246246559365,0.5096242374356105,0.9082426393114299,0.3050979650704596
real,300,pnw,LSTM-ms,4,3,154525,0.4349979196847441,0.5090182068632206,0.8545822405162676,0.49355618352102526
real,300,pnw,LSTM-ms,4,4,154025,0.42266982497783995,0.5083863512111455,0.8313949105260197,0.7033368626123271
real,300,pnw,LSTM-ms,4,5,153525,0.4119501556972852,0.5077598841614351,0.8113089839257791,0.928936495470625
real,300,pnw,LSTM-ms,4,6,153025,0.4143349515609496,0.5070965876151938,0.8170730422571181,1.1775724945465829
real,300,pnw,LSTM-ms,4,7,152525,0.39786840807822893,0.5064270087754091,0.7856382088315438,1.4309062380801616
real,300,pnw,LSTM-ms,4,8,152025,0.38005661506570604,0.5057832435146496,0.7514219182603229,1.69073253364707
real,300,pnw,LSTM-ms,4,9,151525,0.3722123731890958,0.5051398786043837,0.7368501061873313,1.958854871665416
real,300,pnw,LSTM-ms,4,10,151025,0.36300776078398944,0.5044618091741054,0.7195941381138412,2.2338445544147967
real,300,pnw,LSTM-ms,4,11,150525,0.368088942157066,0.5037582173307203,0.7306857327459005,2.523723783029756
real,300,pnw,LSTM-ms,4,12,150025,0.34882618264404003,0.5030620234527984,0.693405914940367,2.8107626783872424
real,300,pnw,LSTM-ms,4,13,149525,0.34589487032925514,0.502342745210888,0.6885634830538767,3.0975700660071452
real,300,pnw,LSTM-ms,4,14,149025,0.34004247690330763,0.5016292103097021,0.6778761481879574,3.3947654724644365
real,300,pnw,LSTM-ms,4,15,148525,0.3323696444891958,0.500943088740068,0.6634878331691239,3.6883852465337488
real,300,pnw,LSTM-ms,4,16,148025,0.34335231744628975,0.5003291274501471,0.686252905554657,3.9899431419672977
real,300,pnw,LSTM-ms,4,17,147525,0.34532357194384894,0.4996836821814071,0.6910843484748445,4.304293824213289
real,300,pnw,LSTM-ms,4,18,147025,0.3304185387373703,0.4990196369392769,0.6621353435387498,4.618712996043033
real,300,pnw,LSTM-ms,4,19,146525,0.3152936828710979,0.4983322376043575,0.6326977447552169,4.922062925956759
real,300,pnw,LSTM-ms,4,20,146025,0.30398947670867643,0.49767086044293934,0.6108243437000075,5.221344378390318
